date,quantity
2025-08-04,2.000
2025-07-31,1.000
2025-08-02,1.000
2025-08-13,1.000
2025-10-22,1.000
2023-03-29,2.000
2025-01-10,3.000
2025-01-09,1.000
2025-10-15,1.000
2025-10-14,1.000
2023-05-18,1.000
2020-04-18,1.000
2020-04-20,4.000
2025-12-02,3.000
2025-12-01,2.000
2025-08-21,1.000
2025-08-19,2.000
2023-02-01,1.000
2023-01-31,3.000
2023-02-02,1.000
2021-03-31,2.000
2021-04-01,7.000
2020-01-30,3.000
2020-01-28,1.000
2022-04-16,11.000
2022-04-14,2.000
2025-01-22,1.000
2019-01-29,1.000
2022-01-07,1.000
2025-09-22,2.000
2025-08-08,1.000
2025-08-10,1.000
2020-03-28,2.000
2020-03-26,2.000
2021-12-12,2.000
2021-12-11,1.000
2021-12-10,3.000
2024-03-27,1.000
2024-03-28,10.000
2025-12-19,1.000
2025-12-20,3.000
2025-11-13,1.000
2025-11-14,1.000
2023-04-06,5.000
2023-04-08,5.000
2025-05-06,1.000
2025-05-07,2.000
2022-04-13,6.000
2022-04-12,2.000
2021-03-29,2.000
2021-03-30,2.000
2023-08-12,3.000
2021-05-09,1.000
2021-05-08,1.000
2021-12-06,1.000
2021-12-07,3.000
2021-12-05,1.000
2024-03-26,2.000
2024-03-24,1.000
2021-10-10,1.000
2021-10-12,2.000
2024-03-08,1.000
2024-03-10,1.000
2024-03-09,2.000
2023-09-08,2.000
2023-09-09,1.000
2019-04-18,3.000
2025-10-27,1.000
2025-10-26,1.000
2020-04-09,6.000
2020-04-11,6.000
2025-12-07,3.000
2025-12-10,2.000
2023-03-12,2.000
2023-03-14,3.000
2023-03-13,1.000
2024-12-16,1.000
2024-12-24,2.000
2022-02-12,4.000
2024-01-03,1.000
2024-01-02,3.000
2022-06-02,1.000
2022-06-03,2.000
2025-03-16,1.000
2025-03-18,2.000
2025-03-17,1.000
2022-06-13,1.000
2022-06-11,5.000
2021-06-07,1.000
2024-09-01,3.000
2025-09-14,1.000
2025-09-13,2.000
2023-04-04,4.000
2023-04-03,1.000
2025-09-29,1.000
2024-09-12,1.000
2023-02-17,2.000
2024-08-10,1.000
2024-08-12,1.000
2020-12-14,1.000
2020-12-15,1.000
2025-03-07,2.000
2024-11-10,3.000
2024-11-12,1.000
2022-08-11,1.000
2022-08-12,2.000
2022-02-10,1.000
2025-11-24,1.000
2021-08-19,3.000
2024-06-18,1.000
2024-10-18,1.000
2024-10-20,1.000
2024-05-06,1.000
2024-05-07,1.000
2022-05-12,2.000
2022-05-13,2.000
2023-09-16,1.000
2023-09-15,1.000
2022-09-10,1.000
2022-09-11,1.000
2025-08-25,1.000
2025-09-10,1.000
2022-03-11,3.000
2022-03-12,2.000
2021-09-10,2.000
2021-09-11,3.000
2025-09-12,3.000
2025-09-11,1.000
2023-10-08,1.000
2023-10-06,4.000
2024-11-05,1.000
2024-11-04,1.000
2025-03-14,1.000
2020-03-05,2.000
2021-08-06,1.000
2021-08-05,2.000
2024-07-13,3.000
2024-07-15,1.000
2024-08-19,1.000
2025-10-19,1.000
2023-12-31,2.000
2023-12-30,2.000
2023-12-29,2.000
2022-09-09,4.000
2021-02-06,4.000
2020-12-04,4.000
2022-08-08,2.000
2022-08-06,3.000
2022-08-07,1.000
2024-11-30,1.000
2022-12-04,1.000
2022-12-03,4.000
2019-08-23,1.000
2019-08-25,1.000
2024-12-10,1.000
2024-12-09,2.000
2024-08-05,1.000
2024-12-31,5.000
2024-12-29,1.000
2024-12-30,6.000
2024-08-27,1.000
2024-04-28,1.000
2024-04-27,1.000
2025-04-16,4.000
2020-10-22,1.000
2021-11-07,1.000
2021-11-08,2.000
2021-11-06,1.000
2021-02-15,2.000
2022-11-15,1.000
2021-09-02,1.000
2023-12-12,1.000
2023-12-10,4.000
2023-12-11,1.000
2024-10-08,1.000
2024-10-06,1.000
2024-10-07,2.000
2025-11-29,1.000
2019-07-19,2.000
2019-07-21,1.000
2019-07-20,1.000
2021-09-20,2.000
2021-09-18,3.000
2021-09-19,1.000
2022-10-18,2.000
2022-10-16,1.000
2025-06-16,2.000
2025-06-15,1.000
2025-06-14,1.000
2023-12-15,1.000
2023-12-16,2.000
2023-12-17,1.000
2022-11-25,1.000
2022-11-26,2.000
2023-12-23,5.000
2023-12-22,8.000
2020-08-18,1.000
2020-08-19,3.000
2023-08-07,2.000
2021-07-16,3.000
2019-12-06,1.000
2019-12-05,6.000
2020-11-17,1.000
2025-06-13,1.000
2025-06-12,1.000
2022-10-08,2.000
2022-10-10,1.000
2023-05-06,1.000
2023-05-05,2.000
2022-03-04,1.000
2022-12-21,6.000
2022-12-22,5.000
2022-05-07,1.000
2023-06-30,1.000
2023-07-01,1.000
2025-07-11,2.000
2022-04-06,1.000
2022-04-07,2.000
2024-11-25,1.000
2024-11-24,1.000
2024-11-26,1.000
2024-03-01,1.000
2024-03-02,1.000
2019-12-20,2.000
2019-12-19,5.000
2022-01-28,1.000
2021-11-29,1.000
2021-11-27,1.000
2025-04-30,2.000
2019-08-11,1.000
2019-08-12,1.000
2021-09-17,1.000
2021-09-16,1.000
2022-11-19,5.000
2022-11-20,1.000
2022-11-18,4.000
2022-10-07,2.000
2019-04-12,3.000
2019-04-11,1.000
2023-09-01,4.000
2023-09-03,1.000
2023-09-02,1.000
2024-12-05,2.000
2025-07-05,1.000
2025-07-07,1.000
2024-01-12,4.000
2021-12-04,4.000
2021-08-14,1.000
2021-08-13,2.000
2023-09-30,1.000
2023-10-01,1.000
2023-09-29,1.000
2019-06-08,3.000
2019-06-07,2.000
2023-12-01,1.000
2023-12-02,2.000
2023-12-03,2.000
2025-03-03,3.000
2025-03-04,1.000
2022-06-04,2.000
2022-06-07,3.000
2025-06-30,1.000
2022-08-04,1.000
2022-08-05,1.000
2023-11-03,1.000
2024-07-29,1.000
2023-10-29,1.000
2023-10-27,1.000
2023-11-19,1.000
2023-11-17,4.000
2023-10-13,1.000
2023-10-12,3.000
2024-09-30,1.000
2024-10-01,2.000
2019-08-17,2.000
2019-08-19,3.000
2019-08-18,1.000
2024-07-11,1.000
2024-07-12,1.000
2019-11-12,1.000
2019-11-11,1.000
2021-04-12,1.000
2023-08-01,2.000
2022-08-01,1.000
2020-07-12,1.000
2021-08-26,1.000
2021-08-27,2.000
2021-07-02,1.000
2023-06-12,2.000
2023-06-10,3.000
2024-06-09,1.000
2024-08-16,1.000
2024-08-15,1.000
2023-07-15,1.000
2021-10-08,1.000
2021-10-09,2.000
2021-08-17,3.000
2025-11-10,2.000
2023-12-20,5.000
2023-12-21,5.000
2020-10-24,2.000
2020-10-26,2.000
2022-01-17,1.000
2022-01-16,1.000
2025-03-28,1.000
2023-04-29,1.000
2023-05-02,1.000
2022-06-17,1.000
2023-06-26,3.000
2023-06-27,1.000
2022-03-09,1.000
2022-03-10,1.000
2024-06-29,1.000
2024-07-01,1.000
2025-03-24,1.000
2025-03-23,1.000
2024-04-13,2.000
2020-08-15,3.000
2020-08-16,1.000
2020-08-17,1.000
2025-05-08,1.000
2025-05-09,1.000
2024-08-08,2.000
2023-09-25,1.000
2023-09-24,1.000
2022-12-08,5.000
2022-12-09,3.000
2025-06-21,1.000
2018-02-11,2.000
2018-02-12,2.000
2018-02-08,2.000
2018-02-06,2.000
2018-02-01,1.000
2018-01-27,1.000
2018-02-10,1.000
2018-01-25,1.000
2018-02-02,1.000
2022-04-09,1.000
2022-12-12,1.000
2022-12-11,2.000
2022-12-10,3.000
2021-09-23,2.000
2024-06-07,2.000
2025-02-10,2.000
2021-07-10,2.000
2021-07-09,4.000
2024-04-12,2.000
2024-04-11,1.000
2020-03-19,2.000
2024-05-03,1.000
2024-05-02,1.000
2019-05-31,2.000
2019-06-02,2.000
2022-07-09,2.000
2022-07-08,2.000
2022-02-26,2.000
2022-02-28,3.000
2021-08-08,2.000
2021-08-07,1.000
2021-04-16,1.000
2021-01-30,2.000
2021-01-29,1.000
2018-12-31,9.000
2018-12-28,3.000
2018-12-29,8.000
2019-01-02,1.000
2018-12-30,7.000
2019-01-03,1.000
2020-10-10,3.000
2020-10-11,1.000
2020-10-12,1.000
2024-12-20,3.000
2024-12-21,3.000
2020-11-05,1.000
2022-07-15,1.000
2022-07-14,1.000
2021-12-18,1.000
2021-12-17,4.000
2022-12-24,1.000
2022-12-02,2.000
2022-12-01,2.000
2021-02-23,2.000
2024-09-21,1.000
2024-09-23,2.000
2024-06-24,1.000
2024-06-23,1.000
2023-05-23,1.000
2022-07-07,4.000
2022-07-06,1.000
2023-02-14,3.000
2023-02-12,1.000
2023-10-16,1.000
2023-10-15,1.000
2021-08-03,1.000
2021-08-04,2.000
2021-05-22,1.000
2021-05-25,1.000
2023-11-02,1.000
2021-03-19,3.000
2021-03-18,2.000
2019-10-10,1.000
2019-10-11,3.000
2021-10-06,3.000
2021-10-07,3.000
2019-03-30,2.000
2019-03-31,1.000
2023-07-22,1.000
2019-08-03,2.000
2019-08-05,2.000
2021-06-09,2.000
2021-06-10,1.000
2025-04-12,3.000
2020-10-09,3.000
2022-10-28,3.000
2022-10-27,1.000
2023-07-07,1.000
2023-07-06,1.000
2022-11-11,3.000
2022-11-12,2.000
2025-06-11,1.000
2025-02-03,1.000
2019-07-06,1.000
2019-07-08,1.000
2021-10-29,1.000
2021-10-30,1.000
2020-12-17,1.000
2025-07-03,1.000
2025-07-04,1.000
2023-06-08,1.000
2023-06-09,1.000
2020-03-07,3.000
2020-03-08,4.000
2020-03-09,1.000
2018-11-17,3.000
2018-11-19,2.000
2018-11-16,1.000
2018-11-20,1.000
2018-11-15,6.000
2018-11-14,2.000
2018-11-23,2.000
2018-11-18,1.000
2021-10-13,1.000
2021-10-14,2.000
2024-02-05,1.000
2023-03-06,1.000
2023-03-07,2.000
2024-04-30,2.000
2024-04-29,2.000
2025-06-05,3.000
2019-11-04,1.000
2019-11-05,1.000
2022-05-05,1.000
2022-04-01,1.000
2022-03-31,1.000
2020-07-10,1.000
2020-07-09,2.000
2018-10-16,1.000
2018-10-20,3.000
2018-10-13,1.000
2018-10-26,1.000
2018-10-25,2.000
2018-10-17,1.000
2018-10-19,6.000
2018-10-12,1.000
2018-10-21,1.000
2018-10-22,1.000
2023-06-03,2.000
2023-06-05,1.000
2024-05-26,1.000
2022-02-25,1.000
2021-11-18,1.000
2020-03-21,2.000
2020-03-20,3.000
2021-06-02,2.000
2024-07-04,1.000
2024-07-05,1.000
2024-11-02,2.000
2022-08-18,1.000
2022-08-17,1.000
2019-12-15,1.000
2019-12-16,1.000
2019-12-14,4.000
2022-07-29,3.000
2022-07-28,1.000
2023-09-19,2.000
2019-12-09,2.000
2025-02-24,1.000
2025-02-25,1.000
2021-05-13,1.000
2021-08-25,1.000
2021-08-24,1.000
2020-02-11,3.000
2020-02-10,2.000
2023-12-27,1.000
2021-02-12,1.000
2021-02-13,2.000
2020-06-30,1.000
2020-06-29,1.000
2019-09-19,2.000
2019-09-18,1.000
2025-04-27,2.000
2019-08-16,2.000
2019-08-15,1.000
2022-07-13,2.000
2023-12-04,2.000
2023-12-05,1.000
2024-08-02,1.000
2022-09-16,2.000
2022-09-15,1.000
2025-06-19,1.000
2025-06-20,2.000
2023-07-13,3.000
2023-07-14,2.000
2021-12-08,1.000
2021-12-09,1.000
2023-04-15,4.000
2023-04-14,3.000
2023-04-16,1.000
2020-07-23,2.000
2019-03-11,3.000
2021-10-28,3.000
2021-10-27,2.000
2022-09-17,1.000
2022-09-19,1.000
2021-04-18,1.000
2021-04-17,1.000
2025-09-16,1.000
2025-09-17,1.000
2021-06-04,1.000
2021-10-16,1.000
2021-10-15,3.000
2024-11-08,2.000
2024-11-09,2.000
2022-09-22,1.000
2022-09-23,1.000
2025-10-06,3.000
2025-10-05,2.000
2025-05-16,3.000
2021-03-06,1.000
2018-03-01,3.000
2018-03-02,2.000
2024-07-26,1.000
2021-07-31,1.000
2023-05-26,3.000
2025-12-23,4.000
2025-12-24,1.000
2024-09-20,1.000
2020-10-03,1.000
2025-05-30,1.000
2022-02-06,1.000
2022-02-07,2.000
2021-07-13,1.000
2021-07-14,2.000
2025-06-26,2.000
2025-06-27,1.000
2020-12-12,1.000
2019-10-01,1.000
2024-10-22,1.000
2025-02-17,1.000
2025-02-15,3.000
2021-11-09,1.000
2021-11-10,3.000
2020-10-15,1.000
2020-10-16,2.000
2023-06-02,3.000
2023-06-01,3.000
2021-04-29,1.000
2021-04-28,1.000
2019-03-24,1.000
2019-03-26,1.000
2024-04-22,1.000
2019-04-27,2.000
2024-04-08,1.000
2023-11-10,2.000
2023-11-11,3.000
2019-10-19,2.000
2019-10-21,1.000
2025-10-29,1.000
2021-04-22,1.000
2021-04-23,3.000
2022-10-30,1.000
2025-04-10,2.000
2024-03-07,5.000
2024-03-06,1.000
2020-11-11,1.000
2020-11-12,4.000
2024-05-16,4.000
2024-05-15,5.000
2022-08-09,3.000
2022-10-01,2.000
2022-10-02,1.000
2022-10-03,2.000
2020-04-30,2.000
2022-10-13,4.000
2021-08-10,3.000
2021-08-09,1.000
2022-09-26,3.000
2024-01-19,1.000
2024-01-20,1.000
2021-03-11,3.000
2023-06-17,1.000
2023-06-19,2.000
2021-01-26,2.000
2022-08-03,1.000
2022-08-02,1.000
2022-08-24,2.000
2021-06-26,3.000
2019-10-27,1.000
2020-09-11,3.000
2024-05-24,1.000
2024-05-23,3.000
2023-02-06,2.000
2020-12-28,3.000
2020-12-24,1.000
2020-02-27,1.000
2024-06-28,4.000
2019-08-09,1.000
2019-08-08,1.000
2019-10-31,3.000
2019-11-02,3.000
2024-07-19,1.000
2024-07-18,1.000
2020-06-22,1.000
2020-06-23,3.000
2024-06-15,1.000
2020-06-12,1.000
2020-06-11,3.000
2021-11-19,2.000
2020-07-27,1.000
2020-07-25,2.000
2021-11-25,3.000
2020-10-30,2.000
2020-10-29,1.000
2021-03-24,1.000
2021-03-25,1.000
2025-12-12,1.000
2021-06-15,2.000
2019-11-24,1.000
2019-11-23,1.000
2021-12-01,2.000
2021-03-26,2.000
2021-03-17,1.000
2021-03-16,2.000
2019-06-13,1.000
2019-06-22,2.000
2025-01-27,1.000
2022-05-10,1.000
2022-05-11,1.000
2024-11-06,1.000
2024-11-07,2.000
2024-10-11,1.000
2021-05-27,3.000
2024-05-09,4.000
2021-10-20,2.000
2019-06-12,1.000
2019-06-11,2.000
2021-09-30,1.000
2019-12-04,1.000
2019-12-03,2.000
2024-09-05,1.000
2024-09-04,1.000
2022-01-13,2.000
2022-01-12,1.000
2019-07-05,1.000
2020-12-30,6.000
2020-12-29,2.000
2021-08-31,1.000
2025-06-03,1.000
2022-04-27,1.000
2022-07-21,1.000
2024-08-22,1.000
2024-08-21,1.000
2022-12-19,6.000
2022-12-20,3.000
2020-04-08,1.000
2020-04-07,2.000
2022-06-28,1.000
2022-06-29,1.000
2023-07-21,2.000
2023-07-20,1.000
2020-08-12,1.000
2020-08-13,2.000
2024-08-13,1.000
2022-10-04,2.000
2022-10-05,3.000
2021-07-26,1.000
2022-03-18,1.000
2022-02-03,3.000
2022-02-02,2.000
2019-07-01,1.000
2019-06-29,3.000
2022-07-05,1.000
2020-11-28,2.000
2021-06-24,1.000
2022-04-29,2.000
2020-09-27,1.000
2020-09-28,2.000
2024-02-17,2.000
2024-02-18,1.000
2024-02-19,3.000
2024-05-21,1.000
2024-05-22,1.000
2020-03-02,2.000
2022-09-29,1.000
2023-01-13,1.000
2022-11-10,1.000
2022-11-09,1.000
2022-11-03,4.000
2023-11-27,1.000
2023-11-25,1.000
2024-03-20,1.000
2020-07-16,6.000
2020-07-17,1.000
2021-07-05,1.000
2024-06-19,1.000
2024-12-12,1.000
2024-12-11,2.000
2023-12-09,4.000
2023-12-08,1.000
2022-06-22,1.000
2022-09-06,2.000
2024-02-16,2.000
2024-02-15,2.000
2022-07-27,1.000
2021-09-21,1.000
2019-04-16,2.000
2022-05-02,1.000
2021-11-15,2.000
2020-12-02,2.000
2018-01-03,1.000
2018-01-20,1.000
2018-01-05,7.000
2018-01-02,1.000
2018-01-09,1.000
2018-01-11,1.000
2018-01-04,3.000
2018-01-21,2.000
2018-01-06,1.000
2018-01-08,1.000
2018-01-10,3.000
2018-01-17,1.000
2022-12-06,2.000
2025-12-31,6.000
2022-09-01,1.000
2021-04-09,2.000
2021-04-08,1.000
2021-10-25,1.000
2021-10-26,1.000
2024-12-06,1.000
2024-12-07,1.000
2025-12-05,3.000
2019-05-03,1.000
2019-05-02,2.000
2019-12-01,1.000
2019-12-02,1.000
2021-01-14,4.000
2019-06-06,2.000
2019-06-05,1.000
2022-08-15,2.000
2022-08-16,1.000
2025-05-23,2.000
2023-12-07,3.000
2023-12-06,1.000
2025-11-20,1.000
2025-04-02,1.000
2020-12-09,1.000
2020-12-10,1.000
2020-10-02,2.000
2020-10-01,1.000
2021-06-29,1.000
2020-11-03,1.000
2020-11-04,1.000
2023-11-24,1.000
2023-11-23,1.000
2022-09-13,1.000
2023-03-16,1.000
2023-03-17,3.000
2025-07-30,1.000
2022-02-17,3.000
2024-08-07,1.000
2022-03-23,2.000
2020-08-05,2.000
2020-08-06,1.000
2019-12-18,1.000
2019-12-17,2.000
2019-10-17,1.000
2019-10-18,1.000
2021-07-28,1.000
2022-05-28,1.000
2020-05-07,1.000
2020-05-08,2.000
2024-12-14,4.000
2024-12-13,1.000
2022-04-04,2.000
2025-01-13,2.000
2025-01-11,1.000
2024-06-04,2.000
2022-01-14,1.000
2022-01-15,2.000
2023-02-10,2.000
2023-02-11,4.000
2019-12-13,5.000
2019-12-12,9.000
2023-04-28,2.000
2024-09-06,1.000
2023-09-07,1.000
2024-08-28,1.000
2019-03-13,2.000
2019-03-12,1.000
2020-08-07,6.000
2020-07-30,3.000
2020-07-31,1.000
2024-11-13,1.000
2024-11-14,4.000
2023-09-14,1.000
2019-11-22,1.000
2019-11-21,3.000
2023-12-18,1.000
2023-12-19,3.000
2020-09-04,1.000
2020-09-06,1.000
2021-02-04,1.000
2021-02-03,1.000
2025-07-01,3.000
2020-11-19,1.000
2020-11-18,1.000
2023-08-10,2.000
2023-10-05,1.000
2023-10-04,2.000
2023-05-12,5.000
2023-05-13,4.000
2019-09-13,2.000
2023-08-03,1.000
2023-08-02,1.000
2018-08-04,2.000
2018-07-31,2.000
2018-08-02,4.000
2018-08-01,1.000
2018-08-07,1.000
2018-08-06,3.000
2018-07-28,1.000
2018-07-23,2.000
2018-08-08,2.000
2018-08-03,1.000
2018-07-27,1.000
2024-07-03,1.000
2021-05-14,1.000
2025-03-05,2.000
2018-07-06,2.000
2018-06-30,3.000
2018-07-05,1.000
2018-07-03,1.000
2020-06-05,2.000
2020-06-04,1.000
2025-05-13,3.000
2019-05-26,2.000
2019-05-25,1.000
2019-05-27,2.000
2019-09-05,3.000
2024-04-05,1.000
2022-10-15,5.000
2022-10-14,2.000
2020-02-24,1.000
2025-01-06,1.000
2025-01-07,1.000
2024-01-24,3.000
2024-10-16,1.000
2024-10-30,1.000
2024-10-29,2.000
2024-02-02,1.000
2024-02-01,1.000
2023-07-05,3.000
2022-02-08,1.000
2022-02-09,2.000
2019-09-12,2.000
2021-05-11,4.000
2024-10-09,3.000
2023-11-09,4.000
2023-11-08,1.000
2024-10-05,1.000
2024-10-04,1.000
2022-07-18,1.000
2022-07-19,2.000
2024-02-22,1.000
2024-02-23,1.000
2024-02-24,1.000
2024-02-10,4.000
2024-02-09,1.000
2022-11-17,1.000
2023-05-10,2.000
2023-05-11,2.000
2018-04-09,3.000
2018-03-31,5.000
2018-04-06,2.000
2018-03-29,7.000
2019-04-30,2.000
2019-04-29,1.000
2022-03-29,1.000
2022-03-28,3.000
2020-03-10,1.000
2020-03-11,2.000
2020-06-18,1.000
2020-06-19,1.000
2022-10-19,3.000
2022-10-20,1.000
2019-11-07,4.000
2022-08-22,1.000
2022-08-23,2.000
2023-03-11,2.000
2023-03-10,5.000
2025-06-18,2.000
2023-03-18,3.000
2023-03-19,2.000
2020-02-12,1.000
2020-02-13,1.000
2022-02-19,1.000
2022-02-18,1.000
2025-08-15,1.000
2025-08-16,1.000
2019-10-03,2.000
2020-05-30,3.000
2020-05-29,2.000
2020-09-03,1.000
2023-08-24,2.000
2023-08-23,1.000
2023-10-31,5.000
2023-10-30,1.000
2022-02-23,2.000
2020-06-15,1.000
2020-06-13,3.000
2023-05-25,2.000
2023-05-24,1.000
2021-01-16,3.000
2021-01-17,2.000
2019-09-06,1.000
2023-10-20,4.000
2023-10-21,1.000
2019-05-05,1.000
2019-05-06,1.000
2019-05-04,1.000
2020-02-05,2.000
2022-10-25,1.000
2022-10-26,2.000
2019-11-28,2.000
2019-11-29,1.000
2019-11-09,4.000
2021-09-27,1.000
2022-01-26,2.000
2024-06-26,1.000
2024-06-25,1.000
2024-07-31,1.000
2022-04-25,1.000
2024-03-22,1.000
2021-01-07,1.000
2021-01-08,1.000
2024-02-13,2.000
2024-01-08,4.000
2020-09-17,2.000
2020-09-16,3.000
2021-01-06,1.000
2021-01-05,3.000
2023-05-03,6.000
2023-05-04,3.000
2024-05-28,1.000
2021-01-09,4.000
2021-01-10,1.000
2021-01-11,1.000
2024-03-19,2.000
2025-01-18,2.000
2023-11-16,1.000
2023-11-15,1.000
2024-08-24,2.000
2024-08-23,1.000
2022-09-27,1.000
2025-06-24,2.000
2023-03-24,2.000
2023-03-23,1.000
2020-02-01,1.000
2024-07-24,1.000
2019-04-04,2.000
2019-04-03,1.000
2024-02-07,1.000
2021-06-22,1.000
2019-08-22,4.000
2024-03-11,1.000
2024-03-12,1.000
2024-07-16,1.000
2022-09-20,1.000
2019-06-21,4.000
2019-10-05,2.000
2019-10-04,1.000
2025-05-27,1.000
2025-05-28,2.000
2019-04-10,3.000
2019-04-09,4.000
2024-01-28,1.000
2020-09-19,1.000
2020-09-18,1.000
2020-02-20,3.000
2020-02-21,2.000
2023-01-14,1.000
2025-01-16,1.000
2025-04-24,3.000
2023-06-06,2.000
2025-11-21,1.000
2025-11-22,3.000
2023-12-14,2.000
2023-12-13,3.000
2024-01-25,2.000
2021-04-26,1.000
2019-11-15,3.000
2019-11-16,1.000
2025-03-27,2.000
2020-07-03,2.000
2020-10-07,3.000
2020-10-06,2.000
2023-05-31,2.000
2023-05-30,2.000
2023-10-25,1.000
2023-10-26,1.000
2023-08-25,3.000
2024-04-10,1.000
2023-07-19,1.000
2023-07-18,2.000
2023-09-11,1.000
2023-09-12,1.000
2023-09-20,1.000
2025-07-09,1.000
2020-01-19,1.000
2020-01-20,1.000
2020-01-18,1.000
2024-05-14,1.000
2024-05-13,1.000
2020-05-14,4.000
2023-06-14,2.000
2023-10-18,1.000
2022-08-30,1.000
2022-08-29,1.000
2024-11-21,2.000
2019-08-06,4.000
2019-12-10,4.000
2019-11-14,3.000
2019-11-13,2.000
2019-08-13,1.000
2024-11-15,1.000
2025-07-21,1.000
2021-12-28,3.000
2021-12-29,3.000
2019-01-04,1.000
2020-11-10,1.000
2023-08-05,1.000
2020-12-18,2.000
2020-12-19,4.000
2020-10-28,2.000
2024-05-31,2.000
2021-02-20,2.000
2021-02-19,2.000
2020-11-20,1.000
2020-11-21,1.000
2025-02-05,1.000
2025-02-06,1.000
2019-07-09,1.000
2019-07-10,1.000
2019-07-03,1.000
2024-09-03,3.000
2024-03-05,2.000
2023-09-27,2.000
2025-11-26,1.000
2020-06-06,2.000
2021-02-24,1.000
2021-02-25,1.000
2023-03-26,1.000
2023-07-25,4.000
2022-11-24,1.000
2022-11-23,1.000
2021-04-20,2.000
2021-04-21,2.000
2024-09-18,2.000
2024-09-17,2.000
2024-04-24,1.000
2024-04-25,1.000
2024-02-29,2.000
2020-05-21,1.000
2020-05-22,2.000
2020-01-17,3.000
2024-09-25,2.000
2024-09-24,1.000
2023-08-31,3.000
2023-08-22,2.000
2019-04-06,2.000
2019-04-05,1.000
2020-01-27,2.000
2020-05-09,1.000
2023-03-09,3.000
2023-03-08,3.000
2020-02-15,1.000
2020-02-14,3.000
2020-07-14,1.000
2020-07-15,3.000
2025-12-04,1.000
2022-01-31,2.000
2020-02-07,1.000
2020-02-08,2.000
2023-09-04,1.000
2023-09-05,2.000
2023-02-24,3.000
2019-07-17,2.000
2020-07-08,1.000
2020-06-26,1.000
2020-06-27,1.000
2019-07-24,1.000
2019-10-29,2.000
2020-03-04,2.000
2020-03-03,1.000
2021-05-17,1.000
2019-08-31,2.000
2024-04-17,2.000
2024-04-16,2.000
2019-10-15,1.000
2019-10-16,3.000
2020-04-28,1.000
2020-04-27,1.000
2025-03-21,2.000
2025-03-22,1.000
2025-05-19,1.000
2025-09-26,3.000
2025-09-27,1.000
2019-07-27,1.000
2019-07-26,1.000
2021-01-20,2.000
2020-10-13,3.000
2020-10-14,1.000
2025-11-12,2.000
2022-11-08,1.000
2022-11-07,2.000
2019-05-07,1.000
2021-01-28,1.000
2021-01-27,1.000
2021-05-31,1.000
2020-07-28,2.000
2020-07-29,2.000
2020-08-04,1.000
2019-04-20,9.000
2019-04-23,1.000
2020-05-02,2.000
2020-05-03,2.000
2023-02-08,1.000
2023-02-09,1.000
2021-03-01,2.000
2018-05-15,2.000
2018-05-18,2.000
2018-05-16,1.000
2018-05-17,1.000
2018-05-19,2.000
2023-01-26,5.000
2023-01-27,1.000
2025-02-26,1.000
2022-01-21,1.000
2020-01-24,1.000
2020-01-23,1.000
2019-07-16,2.000
2023-10-10,2.000
2023-10-09,1.000
2018-05-07,2.000
2018-05-12,3.000
2018-05-10,1.000
2018-05-06,3.000
2018-05-09,3.000
2018-05-08,1.000
2018-05-11,3.000
2018-05-03,6.000
2018-04-27,3.000
2020-05-18,2.000
2020-05-17,1.000
2023-01-30,2.000
2023-01-28,1.000
2023-01-29,2.000
2019-11-26,2.000
2020-12-31,3.000
2020-06-25,1.000
2020-06-24,1.000
2025-11-05,1.000
2025-02-07,1.000
2019-11-20,1.000
2019-11-19,1.000
2023-03-31,1.000
2018-06-09,1.000
2018-06-15,2.000
2018-06-12,2.000
2018-06-03,1.000
2018-06-04,3.000
2018-06-02,2.000
2018-06-07,1.000
2018-06-14,1.000
2025-05-02,1.000
2025-05-03,3.000
2023-11-07,1.000
2023-11-06,1.000
2023-03-02,1.000
2019-09-28,2.000
2024-02-20,1.000
2025-02-18,1.000
2020-09-29,2.000
2020-09-30,2.000
2019-05-29,1.000
2024-11-23,2.000
2024-11-22,4.000
2020-02-25,2.000
2019-03-21,1.000
2025-02-28,2.000
2025-03-01,1.000
2022-11-22,1.000
2022-11-21,1.000
2020-04-04,1.000
2024-03-30,6.000
2020-10-19,1.000
2021-01-23,2.000
2020-06-03,3.000
2020-06-02,1.000
2019-03-23,1.000
2019-03-22,1.000
2025-01-29,1.000
2025-01-30,1.000
2020-11-02,1.000
2022-01-11,2.000
2024-01-10,1.000
2024-01-11,1.000
2025-04-01,1.000
2025-03-31,1.000
2022-10-22,2.000
2023-10-02,1.000
2018-09-12,3.000
2018-09-19,3.000
2018-09-13,2.000
2018-09-22,2.000
2018-09-14,1.000
2018-09-20,1.000
2018-09-10,3.000
2018-09-18,2.000
2018-09-17,1.000
2018-09-21,1.000
2020-05-28,2.000
2019-06-26,1.000
2022-04-20,2.000
2020-02-19,2.000
2020-04-01,2.000
2020-04-02,3.000
2023-03-04,1.000
2023-03-03,4.000
2019-06-04,2.000
2023-04-26,1.000
2023-03-21,1.000
2019-03-28,3.000
2025-12-18,2.000
2020-06-10,2.000
2023-11-21,1.000
2023-11-20,3.000
2020-05-06,2.000
2018-10-06,2.000
2018-10-09,1.000
2018-10-05,1.000
2018-09-27,1.000
2018-09-26,1.000
2018-10-03,1.000
2018-10-04,2.000
2019-07-23,1.000
2019-07-22,1.000
2025-01-31,1.000
2021-02-01,1.000
2019-08-26,5.000
2021-02-08,2.000
2024-01-17,1.000
2024-01-18,3.000
2022-12-28,3.000
2022-12-29,3.000
2024-01-30,1.000
2020-03-31,1.000
2020-03-30,1.000
2020-06-16,1.000
2020-06-17,1.000
2020-08-21,1.000
2020-08-22,1.000
2025-12-27,2.000
2025-12-29,3.000
2023-02-03,1.000
2023-02-04,1.000
2023-01-07,1.000
2021-10-22,2.000
2019-09-23,1.000
2020-01-22,1.000
2025-04-22,1.000
2025-04-23,1.000
2020-04-22,2.000
2023-01-11,1.000
2023-01-10,2.000
2023-04-17,2.000
2023-04-18,1.000
2018-08-31,2.000
2018-09-07,2.000
2018-09-08,1.000
2018-09-04,1.000
2018-08-26,1.000
2018-09-06,1.000
2018-09-03,2.000
2018-09-05,1.000
2025-08-26,1.000
2025-08-23,2.000
2019-01-25,1.000
2019-01-26,2.000
2024-04-02,2.000
2024-04-02,-1.000
2021-04-06,3.000
2019-01-24,1.000
2018-07-12,1.000
2018-07-21,2.000
2018-07-10,2.000
2018-07-13,2.000
2018-07-20,1.000
2024-01-16,2.000
2024-01-15,2.000
2024-12-22,1.000
2024-12-23,5.000
2021-12-24,1.000
2021-12-27,1.000
2022-08-19,4.000
2022-08-21,1.000
2022-09-02,1.000
2022-09-05,1.000
2019-04-25,1.000
2023-01-03,1.000
2022-12-30,7.000
2022-12-31,6.000
2024-01-06,2.000
2021-01-02,1.000
2018-02-24,4.000
2018-02-17,1.000
2018-02-26,2.000
2018-02-27,2.000
2018-02-14,1.000
2018-02-20,4.000
2018-08-17,2.000
2018-08-21,1.000
2018-08-24,1.000
2018-08-23,2.000
2018-08-10,3.000
2018-08-14,2.000
2018-08-11,2.000
2018-08-22,1.000
2018-08-18,3.000
2025-08-30,1.000
2025-09-19,1.000
2025-07-23,1.000
2019-12-24,2.000
2018-10-31,3.000
2018-11-05,1.000
2018-10-30,1.000
2022-12-14,2.000
2022-12-15,3.000
2022-12-13,1.000
2019-12-31,1.000
2023-04-22,1.000
2023-04-21,2.000
2023-08-17,2.000
2023-08-19,1.000
2023-08-18,3.000
2021-12-20,1.000
2021-12-19,1.000
2019-08-01,3.000
2025-03-10,1.000
2025-09-06,1.000
2020-12-21,2.000
2023-08-15,2.000
2023-08-16,1.000
2022-12-23,7.000
2023-06-20,2.000
2023-11-30,1.000
2022-11-29,2.000
2021-11-02,2.000
2021-10-31,2.000
2023-01-23,2.000
2023-11-29,3.000
2025-04-14,3.000
2021-07-11,1.000
2021-03-13,4.000
2025-02-21,1.000
2025-12-14,1.000
2023-02-28,1.000
2023-02-27,1.000
2025-11-16,1.000
2020-05-25,5.000
2020-05-23,1.000
2020-05-26,2.000
2019-12-21,2.000
2019-12-22,5.000
2022-07-10,2.000
2022-07-11,1.000
2021-05-02,1.000
2021-05-03,1.000
2025-08-01,2.000
2021-12-23,7.000
2021-08-23,1.000
2023-04-12,1.000
2022-08-13,1.000
2022-08-14,1.000
2025-07-12,4.000
2021-06-28,1.000
2021-06-27,2.000
2021-11-13,1.000
2020-04-24,1.000
2020-04-23,1.000
2021-10-18,3.000
2021-10-17,1.000
2022-03-14,2.000
2025-10-12,1.000
2021-07-04,1.000
2024-05-11,1.000
2024-05-10,2.000
2021-04-30,1.000
2022-05-30,2.000
2024-09-08,2.000
2020-12-22,3.000
2020-12-23,4.000
2022-03-21,1.000
2021-06-19,1.000
2021-06-20,1.000
2025-09-02,2.000
2025-05-05,2.000
2024-02-12,1.000
2023-01-06,1.000
2023-01-04,1.000
2023-01-05,2.000
2022-05-14,2.000
2022-07-03,1.000
2025-04-17,8.000
2025-04-19,2.000
2022-03-26,2.000
2024-03-16,2.000
2020-12-05,2.000
2022-07-17,1.000
2022-07-16,2.000
2024-07-07,1.000
2024-07-06,2.000
2021-09-25,1.000
2020-04-14,1.000
2021-09-14,1.000
2021-12-22,5.000
2024-06-03,2.000
2024-06-02,1.000
2021-03-12,2.000
2024-05-05,1.000
2022-04-02,3.000
2022-04-03,1.000
2020-07-06,1.000
2019-04-14,1.000
2022-06-10,1.000
2022-02-21,1.000
2022-02-20,1.000
2019-07-13,1.000
2021-10-03,1.000
2021-11-12,1.000
2021-11-11,1.000
2025-12-22,6.000
2023-05-15,1.000
2020-09-21,1.000
2020-09-20,1.000
2020-11-07,3.000
2021-05-28,1.000
2021-03-20,1.000
2025-07-19,1.000
2020-08-02,1.000
2019-04-08,2.000
2019-09-09,1.000
2020-11-23,2.000
2020-03-13,1.000
2020-03-12,4.000
2025-07-18,1.000
2021-04-25,2.000
2021-04-24,2.000
2021-12-30,5.000
2019-11-18,1.000
2025-04-07,2.000
2025-10-17,1.000
2020-10-18,2.000
2020-10-17,2.000
2020-02-16,2.000
2021-11-05,1.000
2025-01-02,1.000
2025-01-03,2.000
2020-08-11,3.000
2021-07-19,2.000
2021-07-17,2.000
2021-12-21,2.000
2022-04-23,1.000
2021-02-26,2.000
2021-02-28,1.000
2025-09-09,1.000
2021-03-08,3.000
2022-06-27,1.000
2022-06-25,1.000
2021-04-03,10.000
2022-11-05,2.000
2021-03-09,1.000
2019-12-23,7.000
2022-12-16,1.000
2022-12-18,1.000
2022-12-17,2.000
2024-09-16,1.000
2025-12-30,1.000
2025-12-30,5.000
2023-07-10,1.000
2023-07-08,1.000
2025-07-26,2.000
2025-07-27,2.000
2023-04-05,4.000
2021-08-12,1.000
2021-06-11,2.000
2022-05-06,1.000
2024-12-18,5.000
2024-07-20,1.000
2020-04-06,1.000
2020-04-05,1.000
2021-07-23,2.000
2021-09-08,1.000
2021-09-09,1.000
2019-09-16,2.000
2025-08-28,1.000
2019-09-15,1.000
2019-09-17,2.000
2025-02-14,1.000
2022-03-25,2.000
2020-08-14,1.000
2022-03-24,1.000
2024-05-18,1.000
2024-05-17,1.000
2021-12-16,3.000
2021-12-02,2.000
2021-11-26,1.000
2022-01-23,1.000
2019-07-12,3.000
2019-10-14,2.000
2025-11-06,1.000
2021-07-07,3.000
2021-07-08,1.000
2019-01-27,1.000
2021-12-15,2.000
2024-06-21,1.000
2022-10-21,2.000
2025-06-07,1.000
2024-06-13,1.000
2022-03-16,1.000
2020-02-04,3.000
2020-02-03,1.000
2022-03-17,1.000
2021-10-21,1.000
2021-08-11,3.000
2021-09-15,1.000
2020-09-24,3.000
2025-10-07,2.000
2022-10-11,3.000
2021-04-13,1.000
2021-04-14,1.000
2023-07-27,1.000
2018-04-13,1.000
2018-04-10,2.000
2018-04-14,1.000
2018-04-25,1.000
2020-11-25,1.000
2020-11-24,1.000
2025-09-01,4.000
2018-04-21,1.000
2018-04-19,2.000
2018-04-16,1.000
2022-07-25,1.000
2025-08-06,1.000
2023-10-17,1.000
2023-11-22,3.000
2025-08-14,1.000
2025-08-18,1.000
2025-07-28,2.000
2020-06-20,1.000
